Company name,Technology,2024 Revenue,2024 COGS
AstraForge,Mechanics,18170392,8685972
Orbitalis Labs,Acoustics,7245068,2495713
Zenith Dynamics,Controls,11474512,13384691
Celara Systems,Acoustics,11065180,14138509
NebulaCore,Acoustics,4476497,13666504
Altair Flightworks,Propulsion,2326144,5659557
SkyForge Technologies,Controls,11126898,6130231
Vectra Aero,Propulsion,9905218,5592804
IonPath Propulsion,Avionics,10089064,7758768
StratoLink,Mechanics,11985699,10519309
Arcadia Aerospace,Mechanics,5077657,7578672
ExoPulse,Controls,13440135,17986946
NovaLift,Avionics,9604997,12401570
Apex Orbital,Mechanics,10953538,5644947
Quantum Sky,Materials,9609395,14761550
LuminAer,Propulsion,3362283,17299670
Polaris Engines,Materials,3396451,4727414
VeloSpace,Materials,5263378,8272528
AeroGenesis,Mechanics,2551873,17091487
BlueVector Labs,Avionics,7065710,18793107
AstroNex,Propulsion,17688526,14798040
Orbionics,Mechanics,19352118,10031411
HelioDrive,Mechanics,7958733,8257373
StratEx Systems,Propulsion,18151516,8275113
HyperAero,Mechanics,11641502,10268918
VoidWorks,Acoustics,10683110,11830479
AeroNova,Materials,1552016,10105341
Celestial Mechanics,Mechanics,2901848,6206920
Lumeon Aerospace,Controls,19182615,8185090
Astrobyte,Mechanics,13227162,16985021
Skyform Labs,Controls,10805728,9821332
Orbitronix,Propulsion,15448234,17942855
Aerolith,Mechanics,12008098,8504881
VectorX Dynamics,Avionics,5779570,3543834
StratoTech,Propulsion,2341922,15226461
DeepFlight Systems,Materials,12904217,19452543
ExoCatalyst,Avionics,3333944,3564899
Zenithor,Avionics,5071186,13389878
Aerovate,Mechanics,17933410,13157172
StellarFlux,Propulsion,15731641,1519095
Astrionics,Materials,6179215,8615729
NovaPoint,Materials,12194704,17991329
AeroLyte,Mechanics,3839303,14976088
HyperLift,Materials,9770461,13502883
QuantumWing,Acoustics,12456349,11851695
ThrustForge,Materials,14000586,12652373
Orbital Gateways,Acoustics,19781402,9227570
AeroLynx,Controls,9095766,3722015
SkyCrest,Avionics,3940507,15897085
Ecliptic Labs,Avionics,5392941,6802888
StratusWorks,Propulsion,3474557,13190516
Nebulynx,Controls,16499238,3711044
AeroPulse,Mechanics,13825107,8911817
Luminex Flight,Propulsion,17926150,9557845
Helix Aerospace,Controls,11845634,15090704
ExoLift,Avionics,6618856,5212878
StratEdge Systems,Acoustics,4237333,1410733
NovaOrbit,Controls,12214613,14107139
VoidLabs,Avionics,19038434,11456522
Celestium,Avionics,16845828,13660388
Propulso,Controls,7078742,14696488
AstroCraft,Acoustics,13461724,12191276
AerodyneX,Propulsion,9757152,16820470
SkyStream Dynamics,Controls,8185396,9427870
HyperOrbital,Controls,4740536,4228360
CelaraX,Mechanics,16618964,5422808
AeroGen,Controls,15909136,18415359
StellarLink,Materials,15019990,13164624
Cosmodrive,Mechanics,8773496,3971971
Ascendia,Controls,3934163,7679816
AeroQuark,Controls,17342562,18458596
Interstel Labs,Mechanics,11646575,4061264
OrbitEra,Mechanics,15080963,7178647
BlueMach,Mechanics,6931715,16450091
ExoFlight,Acoustics,10310888,10279008
IonForge,Propulsion,11239573,14605412
AeroCore,Materials,12068305,17282779
Celestik,Avionics,5416431,14735429
Nebuloid,Acoustics,4276925,15801987
SkyCurrent,Avionics,8645261,4261243
Orbiflow,Materials,13023858,16390867
Quantum Aero,Propulsion,17847038,18392503
ApexLift,Materials,24709711,2357346
Aerithon,Propulsion,16396545,3966906
AstroEdge,Avionics,4699878,9642960
SkyStream,Controls,2320651,15965728
Cosmica,Acoustics,7927413,19203414
AeroVantage,Mechanics,7037166,12837550
HyperThrust,Propulsion,6347647,17095864
Ecliptica,Avionics,3249574,6134393
NovaLabs,Materials,7600474,1602312
ZenithCraft,Mechanics,17931516,7472867
VoidFront,Materials,9330706,13227803
AeroMatrix,Controls,11143627,15825941
LuminOrbit,Avionics,14134820,7376552
StellarReach,Controls,10023874,6586074
Orbitalynx,Mechanics,10847163,17840761
AeroFlux,Materials,17690923,4517436
Skybound Systems,Acoustics,16497969,6919526
Altum Dynamics,Avionics,2239687,4471930
IonVector,Controls,24753583,4199709
CelestIQ,Materials,16525321,5868758
OrbitX Labs,Propulsion,9643483,19335181
ExoStream,Materials,17144196,9840987
NebuFlight,Avionics,17483121,7591223
AeroLink,Avionics,11876572,1461664
QuantumFlight,Propulsion,17021341,15127483
NovaForge,Avionics,15782505,12785571
AeroZen,Acoustics,12932750,17447631
StarLift,Avionics,8109239,14039996
OrbitalCore,Avionics,4849439,11048190
SkyBridge Aerospace,Controls,18411484,17660645
LumeLabs,Mechanics,4836839,15332324
StratoPulse,Controls,13454245,11956258
AeroSphere,Acoustics,19414852,7339161
DeepOrbit,Materials,17797544,16056087
AscendX,Acoustics,6711548,1076945
ZenithAir,Materials,12202439,12224620
NebuDrive,Acoustics,7441029,13546906
AeroPhase,Controls,15329691,17479279
Celestara,Propulsion,7948741,7041805
AeroAxis,Avionics,2482355,9066477
EcliptIQ,Propulsion,6677885,5082518
HyperNova Dynamics,Controls,8893948,1560654
AeroPrism,Acoustics,8400026,19742599
SkyHalo,Acoustics,6887797,17573999
Orbix Labs,Materials,11721365,15847914
NovaRise,Acoustics,7558391,19364155
Aerionics,Avionics,14135528,14556868
StellarWorks,Controls,15545284,17598429
AeroFrontier,Avionics,5009126,15990756
StratIQ,Acoustics,4750581,11757569
Orbitech,Materials,17202435,5622312
AeroEdge,Materials,16186130,14617293
NebulaDrive,Propulsion,6533430,18327424
AeroCraft,Mechanics,12889100,4142533
Celarion,Materials,2197525,9934890
AeroThrust,Avionics,13685973,15445390
SkyLynx,Mechanics,14774636,18108061
AeroNexus,Avionics,2015408,18520046
NovaTrail,Controls,2575276,7242023
Orbicore,Mechanics,12738218,7164956
Aerith Labs,Acoustics,9399137,12559425
Zenithon,Avionics,5607256,15720867
AstroLink,Avionics,2701712,3352638
LumenAero,Materials,14274636,5421184
ExoDrive,Mechanics,12802591,3948712
SkyIQ,Materials,15024115,3697791
AeroNautic,Controls,8446193,18210139
PropulsoTech,Propulsion,19934387,16895122
AeroPulseX,Controls,11579659,4038138
NovaJet,Acoustics,13177514,18566218
AeroVelocity,Propulsion,2365093,3375073
SkyVenture,Materials,3066354,6469459
OrbitalWave,Avionics,13502133,9646121
StellarCore,Materials,11070728,13399095
Ionova,Acoustics,18204040,4468792
QuantumLift,Materials,19307910,9849620
StratoX,Avionics,13871680,4789514
AeroLine,Mechanics,4470409,14952324
Helion Dynamics,Acoustics,11175864,14032078
NebulaGate,Mechanics,16569528,18744300
SkyBound,Acoustics,6931109,18661771
CelestIQ Systems,Avionics,14657705,10630430
AeroPulse Labs,Controls,10990197,16933050
ZenithX,Controls,14911837,4811869
AstroForge,Acoustics,15410685,5437040
Orbital Vision,Acoustics,14996065,5780432
AeroRise,Avionics,8441700,5681129
NovaCore,Acoustics,2655331,16602176
SkyNova,Materials,3573421,19344462
AeroTitan,Mechanics,4006697,15283312
HyperLynx,Controls,2553967,8312290
AeroCraftX,Acoustics,14783129,7982078
Orbium,Materials,8456299,8845537
SkyLabs,Mechanics,16592005,14453837
CelaraTech,Controls,1552462,6578432
ZenithAero,Propulsion,1914541,7649312
AeroLoom,Acoustics,9029351,4634284
IonWings,Controls,2375427,7783861
AeroSpark,Mechanics,4767354,16057970
NovaStream,Mechanics,11945523,18054867
SkyVent,Mechanics,17632505,13649031
AeroVector,Avionics,18541970,4638032
StratoLift,Mechanics,8537598,18115014
Celestium Dynamics,Acoustics,17787373,17479810
AeroMatter,Acoustics,5158681,13837553
QuantumSky Labs,Mechanics,2758125,2006243
SkyJetics,Propulsion,7390045,3373754
AeroOrbit,Controls,12516899,13411022
OrbitaX,Propulsion,16491647,11655188
AeroLogic,Propulsion,12745010,12449877
AeroForgeX,Mechanics,17119425,18497677
StratoNova,Mechanics,13800359,7214585
AeroCatalyst,Acoustics,1773110,7341553
SkyVantage,Propulsion,3907211,19331977
AeroVectorX,Materials,16383425,9330788
QuantumWings,Mechanics,13295724,3541233
StellarPath,Acoustics,4013361,15236626
HyperEdge200,Propulsion,16363929,18289138
IonCraft201,Mechanics,17521629,10629447
StellarCore202,Materials,11301525,9528524
ExoLink203,Propulsion,10267856,13265542
AeroWorks204,Materials,16241396,16113863
AstroSystems205,Avionics,13287278,6094060
CelestDynamics206,Mechanics,7013792,10903351
SkyLabs207,Avionics,18307782,16143945
NovaDrive208,Propulsion,11437263,7386910
OrbitalTech209,Avionics,1179013,5403327
StratoLift210,Mechanics,10249183,1198235
QuantumFlow211,Mechanics,6489957,7189744
HyperEdge212,Controls,7418251,16905938
IonCraft213,Acoustics,15210649,3037369
StellarCore214,Avionics,3311412,5803059
ExoLink215,Controls,4116025,1046598
AeroWorks216,Mechanics,6288597,19321261
AstroSystems217,Propulsion,15032792,11211490
CelestDynamics218,Controls,5348082,5332332
SkyLabs219,Avionics,1980461,15921481
NovaDrive220,Propulsion,7492929,17118833
OrbitalTech221,Acoustics,13627504,11762932
StratoLift222,Mechanics,8790338,6020595
QuantumFlow223,Acoustics,11430906,7215382
HyperEdge224,Controls,12166324,14341506
IonCraft225,Mechanics,13953882,1791862
StellarCore226,Materials,4500326,7803880
ExoLink227,Acoustics,17639463,9954991
AeroWorks228,Propulsion,1785281,18615178
AstroSystems229,Avionics,18520022,6892235
CelestDynamics230,Mechanics,12745931,5273665
SkyLabs231,Avionics,17440296,4828267
NovaDrive232,Mechanics,12456669,10882391
OrbitalTech233,Propulsion,2973997,10059552
StratoLift234,Controls,4588155,9515436
QuantumFlow235,Propulsion,10049953,12461365
HyperEdge236,Materials,7814137,8810592
IonCraft237,Materials,13082987,15097320
StellarCore238,Materials,16617196,14052555
ExoLink239,Mechanics,5048594,11264219
AeroWorks240,Propulsion,6768882,4058676
AstroSystems241,Avionics,15945742,12972517
CelestDynamics242,Avionics,7788174,5741119
SkyLabs243,Materials,1326187,7549204
NovaDrive244,Avionics,11119529,11104169
OrbitalTech245,Materials,5796583,19490115
StratoLift246,Mechanics,8305054,11343370
QuantumFlow247,Propulsion,5828256,7904054
HyperEdge248,Acoustics,9216589,1811342
IonCraft249,Avionics,6594954,8605707
StellarCore250,Propulsion,16117086,16851499
ExoLink251,Acoustics,3026641,18092639
AeroWorks252,Controls,2539422,17470723
AstroSystems253,Propulsion,6106388,1642723
CelestDynamics254,Controls,12926487,1037235
SkyLabs255,Controls,8924908,6131964
NovaDrive256,Controls,13196908,14387282
OrbitalTech257,Mechanics,6602163,1825370
StratoLift258,Controls,2405091,17196082
QuantumFlow259,Controls,3100421,12115048
HyperEdge260,Materials,7871292,13582684
IonCraft261,Avionics,7602369,18016625
StellarCore262,Acoustics,9772776,8242284
ExoLink263,Materials,12856867,17782084
AeroWorks264,Acoustics,1501198,2221049
AstroSystems265,Controls,12413094,4719334
CelestDynamics266,Avionics,5231699,14976157
SkyLabs267,Avionics,9691643,14335550
NovaDrive268,Materials,6293223,16568379
OrbitalTech269,Propulsion,2469939,14442904
StratoLift270,Mechanics,9855215,3766926
QuantumFlow271,Materials,17302733,15488708
HyperEdge272,Mechanics,8900485,4515268
IonCraft273,Controls,5301709,7913142
StellarCore274,Avionics,15492064,6080724
ExoLink275,Materials,19063931,14164305
AeroWorks276,Acoustics,12171677,14485650
AstroSystems277,Propulsion,15383513,17402910
CelestDynamics278,Mechanics,4008301,8236856
SkyLabs279,Controls,16596453,7127411
NovaDrive280,Materials,4449589,10201353
OrbitalTech281,Mechanics,15151031,1856386
StratoLift282,Avionics,3272439,12077631
QuantumFlow283,Materials,3494550,5916299
HyperEdge284,Materials,13165133,6535117
IonCraft285,Mechanics,12072055,8897888
StellarCore286,Controls,8451577,17738682
ExoLink287,Avionics,7129975,16897880
AeroWorks288,Avionics,14647336,7908483
AstroSystems289,Mechanics,2890648,4210202
CelestDynamics290,Materials,7881682,14333820
SkyLabs291,Controls,7681165,9645417
NovaDrive292,Materials,15556374,5530064
OrbitalTech293,Materials,16144155,11389574
StratoLift294,Mechanics,17909256,12927630
QuantumFlow295,Avionics,12347529,8668216
HyperEdge296,Acoustics,1320163,10655616
IonCraft297,Materials,6479639,1325301
StellarCore298,Acoustics,15048038,13306659
ExoLink299,Controls,11330469,19001340
AeroWorks300,Propulsion,19907294,2237743
AstroSystems301,Mechanics,15864269,18883684
CelestDynamics302,Mechanics,11954177,8231059
SkyLabs303,Avionics,1301082,16755680
NovaDrive304,Acoustics,14365510,17536588
OrbitalTech305,Mechanics,14171066,1466929
StratoLift306,Avionics,13565322,8263916
QuantumFlow307,Materials,12570481,17844358
HyperEdge308,Mechanics,5628967,4555956
IonCraft309,Acoustics,1631612,11746623
StellarCore310,Mechanics,3702174,11430584
ExoLink311,Acoustics,13325147,7087174
AeroWorks312,Avionics,15193749,10411664
AstroSystems313,Avionics,2481532,17703316
CelestDynamics314,Acoustics,5135376,5606157
SkyLabs315,Propulsion,15150806,19662232
NovaDrive316,Controls,2191651,9334705
OrbitalTech317,Mechanics,15162305,11831436
StratoLift318,Mechanics,19135515,3140484
QuantumFlow319,Acoustics,8648389,2032140
HyperEdge320,Mechanics,6805905,3395523
IonCraft321,Controls,17778708,12721198
StellarCore322,Mechanics,16429779,5669853
ExoLink323,Propulsion,10228119,12430728
AeroWorks324,Controls,8196762,3496574
AstroSystems325,Propulsion,14256519,11467668
CelestDynamics326,Acoustics,13106214,5395671
SkyLabs327,Avionics,4260704,17471712
NovaDrive328,Propulsion,5214097,16815957
OrbitalTech329,Propulsion,17998956,12798015
StratoLift330,Controls,1612766,6108242
QuantumFlow331,Mechanics,9567970,19496461
HyperEdge332,Mechanics,2758448,7492298
IonCraft333,Propulsion,5326227,16809023
StellarCore334,Materials,11336953,1462557
ExoLink335,Controls,2508686,13672615
AeroWorks336,Propulsion,10894011,3490563
AstroSystems337,Acoustics,17823181,5922187
CelestDynamics338,Acoustics,17375129,16476094
SkyLabs339,Avionics,19377981,14344501
NovaDrive340,Avionics,8202520,16374033
OrbitalTech341,Acoustics,15925395,12363237
StratoLift342,Materials,12693211,14916579
QuantumFlow343,Materials,4064904,10482306
HyperEdge344,Controls,12195003,4304122
IonCraft345,Materials,3457895,8481155
StellarCore346,Controls,12823973,4725557
ExoLink347,Materials,15446571,7851965
AeroWorks348,Propulsion,18990638,8913950
AstroSystems349,Materials,3796298,19106565
CelestDynamics350,Materials,7401921,11474536
SkyLabs351,Materials,6497864,18303623
NovaDrive352,Propulsion,12412101,15334721
OrbitalTech353,Avionics,9826331,11589012
StratoLift354,Propulsion,1667538,15626129
QuantumFlow355,Avionics,11965778,14432706
HyperEdge356,Controls,2172854,8953882
IonCraft357,Propulsion,17707424,13807412
StellarCore358,Acoustics,15488066,7963493
ExoLink359,Propulsion,12949112,1797383
AeroWorks360,Mechanics,16764991,16951723
AstroSystems361,Acoustics,8154839,10454884
CelestDynamics362,Materials,11773721,6597056
SkyLabs363,Avionics,7333012,5712150
NovaDrive364,Acoustics,2221298,8283165
OrbitalTech365,Mechanics,6608747,3145602
StratoLift366,Mechanics,10009491,15069304
QuantumFlow367,Acoustics,11314265,8761528
HyperEdge368,Avionics,10452524,5786829
IonCraft369,Controls,14393471,5974773
StellarCore370,Materials,5103462,18494657
ExoLink371,Avionics,17638776,7968885
AeroWorks372,Acoustics,15445689,14504894
AstroSystems373,Controls,13512066,10299398
CelestDynamics374,Avionics,10312694,18139397
SkyLabs375,Propulsion,16336288,8220800
NovaDrive376,Avionics,12362124,12863321
OrbitalTech377,Avionics,3101864,2791058
StratoLift378,Propulsion,10134804,1399733
QuantumFlow379,Materials,3906956,16024478
HyperEdge380,Acoustics,18218140,16539896
IonCraft381,Materials,9541638,6612221
StellarCore382,Acoustics,4840232,4528524
ExoLink383,Acoustics,5287188,4467363
AeroWorks384,Propulsion,15978492,11129770
AstroSystems385,Acoustics,8663293,18774593
CelestDynamics386,Materials,17219692,13368638
SkyLabs387,Mechanics,18186436,1246658
NovaDrive388,Acoustics,8612451,9293517
OrbitalTech389,Acoustics,14060372,19635086
StratoLift390,Propulsion,19705433,9075440
QuantumFlow391,Acoustics,14938816,18710748
HyperEdge392,Mechanics,5609571,11554373
IonCraft393,Propulsion,7910340,16987432
StellarCore394,Controls,2928313,4011206
ExoLink395,Mechanics,19630461,10814899
AeroWorks396,Propulsion,6107488,10480326
AstroSystems397,Mechanics,15096470,14888538
CelestDynamics398,Mechanics,14249158,1256961
SkyLabs399,Controls,6319952,18566631
NovaDrive400,Acoustics,2394516,11407490
OrbitalTech401,Acoustics,8858478,3299734
StratoLift402,Acoustics,13371703,3455584
QuantumFlow403,Acoustics,18989344,13783327
HyperEdge404,Materials,1964807,5731307
IonCraft405,Avionics,19841528,19035611
StellarCore406,Mechanics,11808277,16846856
ExoLink407,Acoustics,14647921,16262405
AeroWorks408,Mechanics,5133183,7458171
AstroSystems409,Avionics,17441626,5739437
CelestDynamics410,Acoustics,1646120,5226719
SkyLabs411,Acoustics,7818154,16112486
NovaDrive412,Propulsion,18785932,15541906
OrbitalTech413,Controls,8465782,8987738
StratoLift414,Materials,18062505,12012537
QuantumFlow415,Acoustics,11450947,2353613
HyperEdge416,Mechanics,6996140,6129454
IonCraft417,Mechanics,17900232,11248482
StellarCore418,Mechanics,18409764,5067774
ExoLink419,Acoustics,12094843,7216623
AeroWorks420,Materials,15713139,4804611
AstroSystems421,Materials,11428178,13065934
CelestDynamics422,Mechanics,5133349,2623526
SkyLabs423,Materials,15626879,18896739
NovaDrive424,Acoustics,15781060,9988870
OrbitalTech425,Avionics,10413486,17523894
StratoLift426,Propulsion,1801441,15061266
QuantumFlow427,Materials,12060024,16494903
HyperEdge428,Propulsion,13185040,7311945
IonCraft429,Avionics,16692104,5649832
StellarCore430,Acoustics,10815841,1171952
ExoLink431,Propulsion,18154181,11788971
AeroWorks432,Acoustics,8156559,3193220
AstroSystems433,Materials,4547699,12364539
CelestDynamics434,Mechanics,14959695,16679117
SkyLabs435,Controls,9285291,14177473
NovaDrive436,Controls,4855362,1575027
OrbitalTech437,Propulsion,2292230,14878104
StratoLift438,Materials,13630889,15360393
QuantumFlow439,Avionics,8330667,7724886
HyperEdge440,Acoustics,6391115,13931826
IonCraft441,Avionics,6512278,17811338
StellarCore442,Avionics,3354272,5314258
ExoLink443,Acoustics,9630085,13510087
AeroWorks444,Materials,2311711,2144733
AstroSystems445,Mechanics,14906286,19542766
CelestDynamics446,Materials,10187378,10822330
SkyLabs447,Propulsion,2129373,14767451
NovaDrive448,Propulsion,15752954,18884955
OrbitalTech449,Propulsion,10575689,3368872
StratoLift450,Controls,3442305,12900173
QuantumFlow451,Mechanics,1575219,13098467
HyperEdge452,Avionics,15468396,11662938
IonCraft453,Materials,13955708,7890081
StellarCore454,Controls,10695623,7122904
ExoLink455,Propulsion,1169633,9902474
AeroWorks456,Avionics,8842381,18283232
AstroSystems457,Mechanics,16971192,7400822
CelestDynamics458,Mechanics,13455808,14926817
SkyLabs459,Materials,17424766,8339740
NovaDrive460,Acoustics,2612679,14954229
OrbitalTech461,Materials,19283471,18256591
StratoLift462,Controls,4943298,19742208
QuantumFlow463,Acoustics,4641247,9685780
HyperEdge464,Avionics,10464158,7205845
IonCraft465,Mechanics,15800355,2846531
StellarCore466,Mechanics,12068334,7463000
ExoLink467,Propulsion,5991524,9442688
AeroWorks468,Controls,5317604,1989172
AstroSystems469,Mechanics,13326611,18078090
CelestDynamics470,Acoustics,3369077,14468013
SkyLabs471,Controls,17335280,13929316
NovaDrive472,Controls,19598297,18134641
OrbitalTech473,Acoustics,15817923,3275890
StratoLift474,Acoustics,4386097,18247952
QuantumFlow475,Materials,14332008,9259611
HyperEdge476,Propulsion,8085837,1757159
IonCraft477,Mechanics,10328400,18380233
StellarCore478,Controls,17217964,17520729
ExoLink479,Controls,17464115,3915171
AeroWorks480,Acoustics,18469958,13360570
AstroSystems481,Acoustics,15737581,18121288
CelestDynamics482,Mechanics,18460868,17289234
SkyLabs483,Avionics,15900525,10580701
NovaDrive484,Propulsion,6593517,7236140
OrbitalTech485,Controls,13161138,1451610
StratoLift486,Mechanics,9921660,9797044
QuantumFlow487,Avionics,2291382,3798651
HyperEdge488,Avionics,4879472,1301186
IonCraft489,Propulsion,8927241,9853808
StellarCore490,Controls,5622977,16232243
ExoLink491,Acoustics,15974951,5904462
AeroWorks492,Mechanics,19788207,13293905
AstroSystems493,Acoustics,6091005,16656071
CelestDynamics494,Controls,19083956,16973967
SkyLabs495,Materials,16698793,19566465
NovaDrive496,Avionics,17207543,9014700
OrbitalTech497,Avionics,15315179,13031411
StratoLift498,Materials,17076870,17288474
QuantumFlow499,Mechanics,8155782,8519354
HyperEdge500,Avionics,13517818,10492353
IonCraft501,Propulsion,9903393,17995161
StellarCore502,Avionics,3966936,2431758
ExoLink503,Acoustics,5169730,11756814
AeroWorks504,Mechanics,3509655,9280223
AstroSystems505,Avionics,3339186,1479430
CelestDynamics506,Avionics,7069096,1312098
SkyLabs507,Controls,14873456,8898596
NovaDrive508,Controls,7610376,10472747
OrbitalTech509,Avionics,6401601,19300975
StratoLift510,Propulsion,14036028,19997439
QuantumFlow511,Avionics,5321229,15067219
HyperEdge512,Materials,10057736,18353097
IonCraft513,Avionics,11980505,16900076
StellarCore514,Mechanics,17818434,12482503
ExoLink515,Controls,4609014,9785358
AeroWorks516,Mechanics,11369677,11069893
AstroSystems517,Avionics,19245774,2053869
CelestDynamics518,Propulsion,7707546,16381483
SkyLabs519,Acoustics,7492116,10719060
NovaDrive520,Controls,19012763,18094050
OrbitalTech521,Mechanics,3956456,13904599
StratoLift522,Acoustics,9935833,15702033
QuantumFlow523,Materials,13508186,13151444
HyperEdge524,Avionics,11587658,6635264
IonCraft525,Materials,3271371,18492583
StellarCore526,Propulsion,9380896,17031246
ExoLink527,Controls,1154341,15365362
AeroWorks528,Propulsion,6317722,16551289
AstroSystems529,Avionics,3872098,17552496
CelestDynamics530,Avionics,4331292,14305986
SkyLabs531,Propulsion,16586734,17435191
NovaDrive532,Propulsion,11142329,13395430
OrbitalTech533,Materials,8938231,8984878
StratoLift534,Propulsion,7376981,17957257
QuantumFlow535,Mechanics,12407556,18850990
HyperEdge536,Acoustics,17396490,4185619
IonCraft537,Acoustics,17830419,11037743
StellarCore538,Materials,11390543,4820798
ExoLink539,Materials,4531315,11483492
AeroWorks540,Propulsion,4571519,5004676
AstroSystems541,Materials,4912707,2886046
CelestDynamics542,Acoustics,13094833,19886737
SkyLabs543,Controls,18737252,15222201
NovaDrive544,Avionics,9332423,16297384
OrbitalTech545,Avionics,16266818,16254875
StratoLift546,Acoustics,9295883,14003453
QuantumFlow547,Acoustics,15515287,7712347
HyperEdge548,Propulsion,17981321,15662024
IonCraft549,Propulsion,15145038,4210293
StellarCore550,Propulsion,3857587,4413963
ExoLink551,Propulsion,11565562,18716091
AeroWorks552,Propulsion,17788747,7042809
AstroSystems553,Acoustics,4473568,15914112
CelestDynamics554,Acoustics,4593785,8717635
SkyLabs555,Acoustics,2730552,7988355
NovaDrive556,Controls,8251651,17624710
OrbitalTech557,Mechanics,8086582,18595069
StratoLift558,Propulsion,4842733,7263646
QuantumFlow559,Avionics,3919131,2651953
HyperEdge560,Avionics,5241800,19063302
IonCraft561,Mechanics,5018510,18843550
StellarCore562,Materials,4260037,6618277
ExoLink563,Materials,12488628,19008881
AeroWorks564,Materials,17840816,19787337
AstroSystems565,Avionics,9942585,5883525
CelestDynamics566,Mechanics,1389134,19812739
SkyLabs567,Acoustics,5727521,8775109
NovaDrive568,Controls,16193178,9049025
OrbitalTech569,Propulsion,2239365,8096459
StratoLift570,Materials,12102227,6643641
QuantumFlow571,Avionics,13192538,18943592
HyperEdge572,Materials,10474446,15320363
IonCraft573,Mechanics,2881818,1423007
StellarCore574,Acoustics,9979498,1310131
ExoLink575,Materials,1068733,11980869
AeroWorks576,Mechanics,7746252,6283347
AstroSystems577,Controls,15469648,19678100
CelestDynamics578,Avionics,2605579,15614278
SkyLabs579,Materials,2864739,13526372
NovaDrive580,Mechanics,10756902,5561780
OrbitalTech581,Avionics,7062360,15411715
StratoLift582,Propulsion,17891529,1670793
QuantumFlow583,Materials,11441414,11171953
HyperEdge584,Propulsion,2579232,4215125
IonCraft585,Mechanics,6112839,11285043
StellarCore586,Controls,5829857,9527451
ExoLink587,Mechanics,6955481,18900410
AeroWorks588,Acoustics,18874554,6228060
AstroSystems589,Avionics,19826861,10111878
CelestDynamics590,Acoustics,13965382,5807644
SkyLabs591,Mechanics,17295173,9416716
NovaDrive592,Avionics,14785957,11934235
OrbitalTech593,Controls,14872245,19275886
StratoLift594,Mechanics,7889463,15214340
QuantumFlow595,Acoustics,6354362,1957996
HyperEdge596,Mechanics,15605826,15227251
IonCraft597,Acoustics,16997701,9976467
StellarCore598,Propulsion,13372798,14335050
ExoLink599,Acoustics,5891050,2053059
AeroWorks600,Materials,4323558,15697093
AstroSystems601,Controls,16181162,13949874
CelestDynamics602,Propulsion,7982659,8775823
SkyLabs603,Avionics,2918108,18984938
NovaDrive604,Propulsion,15295828,1645561
OrbitalTech605,Mechanics,16205878,15577894
StratoLift606,Materials,3944831,19757138
QuantumFlow607,Propulsion,16346319,19318684
HyperEdge608,Acoustics,13474067,5493623
IonCraft609,Controls,14322488,7707646
StellarCore610,Acoustics,2640844,4535737
ExoLink611,Mechanics,6675886,4098586
AeroWorks612,Acoustics,9077176,6132841
AstroSystems613,Acoustics,2107890,2874841
CelestDynamics614,Controls,9099600,8908059
SkyLabs615,Acoustics,18321045,19989610
NovaDrive616,Acoustics,13624204,10792052
OrbitalTech617,Avionics,1360425,3213092
StratoLift618,Avionics,19490083,19255479
QuantumFlow619,Acoustics,8564901,18536012
HyperEdge620,Materials,5361802,11936378
IonCraft621,Acoustics,11971887,6009554
StellarCore622,Controls,11234509,12504544
ExoLink623,Controls,13957630,9458844
AeroWorks624,Propulsion,10031056,11061244
AstroSystems625,Propulsion,13720617,17728360
CelestDynamics626,Materials,12571310,7226273
SkyLabs627,Avionics,4147582,18903745
NovaDrive628,Propulsion,6837917,5438387
OrbitalTech629,Propulsion,7255097,10954257
StratoLift630,Propulsion,4726745,1028887
QuantumFlow631,Controls,4371069,11820552
HyperEdge632,Materials,19860929,18700938
IonCraft633,Controls,5985338,18727092
StellarCore634,Propulsion,5589857,5628209
ExoLink635,Avionics,15746451,5299221
AeroWorks636,Controls,19238290,13920838
AstroSystems637,Materials,9026841,6516337
CelestDynamics638,Materials,3322528,12829426
SkyLabs639,Controls,11135035,8508100
NovaDrive640,Propulsion,1280738,1094122
OrbitalTech641,Materials,18368684,8747368
StratoLift642,Propulsion,9304099,6894944
QuantumFlow643,Materials,3832082,16484475
HyperEdge644,Avionics,11033142,14954964
IonCraft645,Propulsion,2451480,5543669
StellarCore646,Avionics,19769864,11006749
ExoLink647,Propulsion,2272549,1880629
AeroWorks648,Acoustics,2811872,7913406
AstroSystems649,Controls,12753069,11659531
CelestDynamics650,Acoustics,8810224,6858231
SkyLabs651,Controls,1574213,15485399
NovaDrive652,Propulsion,10764126,11742346
OrbitalTech653,Materials,15885213,3279176
StratoLift654,Controls,8810586,5328233
QuantumFlow655,Materials,14131845,14886058
HyperEdge656,Controls,15787837,9501055
IonCraft657,Materials,9768484,12107008
StellarCore658,Acoustics,15395579,13580670
ExoLink659,Materials,8257901,11448672
AeroWorks660,Acoustics,19945092,11124550
AstroSystems661,Avionics,10716750,2445360
CelestDynamics662,Avionics,3146366,14971135
SkyLabs663,Mechanics,17315707,9023358
NovaDrive664,Controls,17207517,12177664
OrbitalTech665,Propulsion,15764530,10217881
StratoLift666,Mechanics,7824054,10285455
QuantumFlow667,Acoustics,1127764,19290427
HyperEdge668,Materials,6649037,2665043
IonCraft669,Acoustics,15044801,17145987
StellarCore670,Mechanics,1524177,3732308
ExoLink671,Acoustics,12635397,2735152
AeroWorks672,Acoustics,18548171,19043983
AstroSystems673,Propulsion,15592310,7920631
CelestDynamics674,Mechanics,3222327,10767388
SkyLabs675,Acoustics,18733726,2591614
NovaDrive676,Controls,17826278,9618689
OrbitalTech677,Materials,12846983,10573151
StratoLift678,Propulsion,4448515,18501698
QuantumFlow679,Propulsion,6523219,2288642
HyperEdge680,Propulsion,17410546,16615318
IonCraft681,Propulsion,16789112,13220548
StellarCore682,Avionics,12702197,18459409
ExoLink683,Materials,19395344,8467978
AeroWorks684,Materials,6901661,6179802
AstroSystems685,Mechanics,15752892,12947405
CelestDynamics686,Acoustics,11030638,9298641
SkyLabs687,Mechanics,1848820,16315998
NovaDrive688,Materials,9372785,12058595
OrbitalTech689,Propulsion,9779226,1263147
StratoLift690,Avionics,19672222,4934174
QuantumFlow691,Avionics,17777816,3887986
HyperEdge692,Avionics,2836086,5995445
IonCraft693,Propulsion,2522474,14013130
StellarCore694,Materials,10217007,11664075
ExoLink695,Mechanics,13148995,9818860
AeroWorks696,Acoustics,10469804,9667795
AstroSystems697,Avionics,7666629,3834797
CelestDynamics698,Avionics,13740653,9566393
SkyLabs699,Propulsion,17820882,7965446
NovaDrive700,Acoustics,6497143,10870272
OrbitalTech701,Controls,19618379,19055803
StratoLift702,Materials,12087283,5298963
QuantumFlow703,Mechanics,4000397,8962634
HyperEdge704,Materials,13189938,18440304
IonCraft705,Avionics,15621395,1151037
StellarCore706,Mechanics,2189412,6960453
ExoLink707,Mechanics,19497076,19508717
AeroWorks708,Mechanics,15190414,17137248
AstroSystems709,Mechanics,6779107,8871734
CelestDynamics710,Avionics,1948849,18227782
SkyLabs711,Controls,14057557,13110409
NovaDrive712,Mechanics,4214106,4695433
OrbitalTech713,Acoustics,3556736,9457873
StratoLift714,Mechanics,12643173,5240162
QuantumFlow715,Acoustics,7044354,10037238
HyperEdge716,Mechanics,10705228,11546664
IonCraft717,Acoustics,4935440,2440565
StellarCore718,Acoustics,4159571,12620193
ExoLink719,Controls,11603120,11575574
AeroWorks720,Mechanics,8045471,18215504
AstroSystems721,Acoustics,14186244,2657744
CelestDynamics722,Acoustics,5018833,11051429
SkyLabs723,Controls,13043726,9773888
NovaDrive724,Avionics,9156217,18725366
OrbitalTech725,Avionics,18181452,16058466
StratoLift726,Acoustics,19516657,19018007
QuantumFlow727,Propulsion,16129469,9222168
HyperEdge728,Avionics,16629135,12301943
IonCraft729,Avionics,15624125,14508087
StellarCore730,Controls,10279685,1444002
ExoLink731,Propulsion,16660247,18191756
AeroWorks732,Controls,4508564,7770924
AstroSystems733,Materials,17241173,10821839
CelestDynamics734,Controls,5934763,2968012
SkyLabs735,Propulsion,17631435,18838164
NovaDrive736,Controls,3054433,13441143
OrbitalTech737,Controls,9147131,14285763
StratoLift738,Materials,5409599,9822331
QuantumFlow739,Acoustics,4863477,14112794
HyperEdge740,Controls,5795556,4658131
IonCraft741,Controls,13658413,7355598
StellarCore742,Acoustics,1015137,7081210
ExoLink743,Controls,8913949,17862545
AeroWorks744,Controls,13837027,19596404
AstroSystems745,Propulsion,19190011,13349443
CelestDynamics746,Acoustics,6675364,14766676
SkyLabs747,Acoustics,9477935,19792890
NovaDrive748,Avionics,12106169,10318941
OrbitalTech749,Propulsion,4746594,14644537
StratoLift750,Propulsion,18876742,18175029
QuantumFlow751,Avionics,18928339,13951488
HyperEdge752,Propulsion,15793233,8212798
IonCraft753,Materials,15141654,10170439
StellarCore754,Acoustics,2259932,15225764
ExoLink755,Materials,4616840,9494308
AeroWorks756,Avionics,1545111,15694585
AstroSystems757,Materials,1517045,2809371
CelestDynamics758,Controls,2941363,7764522
SkyLabs759,Acoustics,13455204,19864771
NovaDrive760,Propulsion,18267492,17248491
OrbitalTech761,Avionics,11199871,18962294
StratoLift762,Controls,13420741,14412888
QuantumFlow763,Avionics,16553602,13590303
HyperEdge764,Controls,4430677,19255136
IonCraft765,Acoustics,10377250,9770740
StellarCore766,Propulsion,19954903,15939824
ExoLink767,Controls,19134329,1729225
AeroWorks768,Propulsion,11095444,8774219
AstroSystems769,Controls,3353157,6847787
CelestDynamics770,Acoustics,13774171,11832804
SkyLabs771,Acoustics,17601223,10799899
NovaDrive772,Avionics,15381133,7046300
OrbitalTech773,Acoustics,13840066,8204195
StratoLift774,Avionics,7315162,6759778
QuantumFlow775,Propulsion,9182142,2252352
HyperEdge776,Mechanics,8140236,2801255
IonCraft777,Avionics,9204248,19836742
StellarCore778,Materials,1903671,2305920
ExoLink779,Propulsion,7759171,8866386
AeroWorks780,Mechanics,1833018,2536844
AstroSystems781,Acoustics,15706495,3477222
CelestDynamics782,Controls,14042432,17560681
SkyLabs783,Propulsion,12255714,12046034
NovaDrive784,Acoustics,12002723,11059821
OrbitalTech785,Mechanics,18756681,1144281
StratoLift786,Controls,11793849,13864970
QuantumFlow787,Controls,9017623,18836731
HyperEdge788,Acoustics,16390890,9241810
IonCraft789,Acoustics,5508273,4884672
StellarCore790,Acoustics,18748724,8523592
ExoLink791,Propulsion,7269915,1967691
AeroWorks792,Controls,17908861,7588728
AstroSystems793,Mechanics,3056866,8036748
CelestDynamics794,Propulsion,13317139,13888806
SkyLabs795,Propulsion,4584023,8735140
NovaDrive796,Acoustics,16736285,1434226
OrbitalTech797,Acoustics,18282661,12755659
StratoLift798,Controls,9213306,8580123
QuantumFlow799,Materials,11677270,1537242
HyperEdge800,Controls,2113283,18063411
IonCraft801,Avionics,5752325,13294501
StellarCore802,Avionics,13744618,15411406
ExoLink803,Acoustics,12716744,15960886
AeroWorks804,Avionics,9702589,18518325
AstroSystems805,Materials,13343302,11975284
CelestDynamics806,Controls,7289078,12742309
SkyLabs807,Controls,5595829,11250673
NovaDrive808,Propulsion,16122041,16316983
OrbitalTech809,Controls,10741251,6434093
StratoLift810,Controls,17510185,6111417
QuantumFlow811,Materials,10560013,19315013
HyperEdge812,Materials,6255952,8752576
IonCraft813,Controls,7414090,9025854
StellarCore814,Controls,13343498,19479783
ExoLink815,Mechanics,13522680,18322350
AeroWorks816,Propulsion,17624091,15086485
AstroSystems817,Avionics,15854006,17396026
CelestDynamics818,Controls,5701529,9934986
SkyLabs819,Acoustics,7075313,8298660
NovaDrive820,Propulsion,12490122,7029793
OrbitalTech821,Mechanics,10178974,18660872
StratoLift822,Materials,13382581,18606873
QuantumFlow823,Acoustics,15987975,10150300
HyperEdge824,Mechanics,18830242,13535196
IonCraft825,Controls,12220884,12279328
StellarCore826,Materials,8781053,7816153
ExoLink827,Materials,18048281,13351611
AeroWorks828,Mechanics,12493648,10381665
AstroSystems829,Acoustics,15310779,4569557
CelestDynamics830,Acoustics,16675706,13336118
SkyLabs831,Propulsion,7957685,17133185
NovaDrive832,Avionics,5829047,19687400
OrbitalTech833,Acoustics,18120385,19183227
StratoLift834,Avionics,2131740,12288455
QuantumFlow835,Acoustics,4739811,1781276
HyperEdge836,Mechanics,6755646,11167742
IonCraft837,Controls,19820087,8826256
StellarCore838,Controls,16638182,16492000
ExoLink839,Propulsion,13331489,7573741
AeroWorks840,Mechanics,3723998,1595004
AstroSystems841,Propulsion,10920385,8074110
CelestDynamics842,Mechanics,1770306,18380724
SkyLabs843,Avionics,1600749,4032598
NovaDrive844,Controls,11425824,12689463
OrbitalTech845,Avionics,15881841,13446931
StratoLift846,Acoustics,17596523,14512852
QuantumFlow847,Controls,11552041,13901138
HyperEdge848,Acoustics,19335426,12642870
IonCraft849,Materials,16893995,12233187
StellarCore850,Controls,16503261,13972933
ExoLink851,Propulsion,16370705,10421934
AeroWorks852,Materials,5524604,10739526
AstroSystems853,Controls,10874247,2253320
CelestDynamics854,Materials,8116139,6666978
SkyLabs855,Controls,1315354,14939581
NovaDrive856,Propulsion,7664026,14428932
OrbitalTech857,Acoustics,13203371,14665320
StratoLift858,Avionics,12757755,1490281
QuantumFlow859,Acoustics,7800188,17151063
HyperEdge860,Materials,11530339,17394024
IonCraft861,Avionics,19980225,2501784
StellarCore862,Avionics,6859795,19947657
ExoLink863,Propulsion,17774248,14628878
AeroWorks864,Avionics,3524187,10644361
AstroSystems865,Controls,5146434,14429224
CelestDynamics866,Mechanics,16223403,14677163
SkyLabs867,Avionics,17109346,12608456
NovaDrive868,Avionics,18779006,5993394
OrbitalTech869,Mechanics,7531009,11756430
StratoLift870,Avionics,3265848,6927098
QuantumFlow871,Controls,16994956,16575423
HyperEdge872,Mechanics,2023731,17381315
IonCraft873,Mechanics,13963043,7645448
StellarCore874,Avionics,11637691,13725767
ExoLink875,Mechanics,15961393,10907199
AeroWorks876,Acoustics,1189752,18553140
AstroSystems877,Propulsion,19987153,15065765
CelestDynamics878,Avionics,3745672,13596681
SkyLabs879,Mechanics,6907681,10105841
NovaDrive880,Controls,7485117,16114832
OrbitalTech881,Propulsion,16456003,3055728
StratoLift882,Avionics,15388905,9985355
QuantumFlow883,Mechanics,13605887,1173609
HyperEdge884,Avionics,15092204,9380994
IonCraft885,Propulsion,7098485,11435198
StellarCore886,Avionics,15364505,1334973
ExoLink887,Propulsion,13157291,5074466
AeroWorks888,Mechanics,17839277,1220260
AstroSystems889,Materials,4369622,18477669
CelestDynamics890,Avionics,2987404,14594095
SkyLabs891,Mechanics,12351921,7354497
NovaDrive892,Materials,19158334,7218966
OrbitalTech893,Materials,19000645,15087740
StratoLift894,Controls,9165230,11740623
QuantumFlow895,Avionics,4487060,7771222
HyperEdge896,Controls,10942071,12291458
IonCraft897,Mechanics,19626178,9256137
StellarCore898,Controls,4706171,17319999
ExoLink899,Avionics,8358018,19282438
AeroWorks900,Propulsion,19436053,1286714
AstroSystems901,Materials,14614997,5549329
CelestDynamics902,Materials,8253397,9340897
SkyLabs903,Acoustics,19751626,1019108
NovaDrive904,Controls,18204678,18680306
OrbitalTech905,Materials,19808908,3515224
StratoLift906,Avionics,5250575,4287155
QuantumFlow907,Materials,9625895,8119045
HyperEdge908,Materials,18856006,3778523
IonCraft909,Controls,7056254,8376298
StellarCore910,Propulsion,10501882,17807418
ExoLink911,Mechanics,14323930,2795250
AeroWorks912,Controls,10096616,1189028
AstroSystems913,Mechanics,15043589,2880254
CelestDynamics914,Acoustics,15362220,15738344
SkyLabs915,Avionics,8657757,1340789
NovaDrive916,Avionics,10905121,16303001
OrbitalTech917,Propulsion,10504801,6007845
StratoLift918,Materials,7461228,9391642
QuantumFlow919,Mechanics,14498831,8834841
HyperEdge920,Propulsion,16798912,16820764
IonCraft921,Avionics,12854708,7809910
StellarCore922,Mechanics,14836347,9942074
ExoLink923,Propulsion,1117853,18474123
AeroWorks924,Mechanics,7213823,6685429
AstroSystems925,Propulsion,4122412,9229608
CelestDynamics926,Avionics,16307206,11129652
SkyLabs927,Controls,15477187,9760870
NovaDrive928,Materials,7211704,16989123
OrbitalTech929,Acoustics,10189755,16735416
StratoLift930,Avionics,3777680,10364540
QuantumFlow931,Acoustics,18794971,1559736
HyperEdge932,Materials,17887820,3274724
IonCraft933,Avionics,6202705,5330026
StellarCore934,Propulsion,1783844,9215796
ExoLink935,Acoustics,18259172,16536338
AeroWorks936,Mechanics,2092760,18804092
AstroSystems937,Controls,17444950,17432607
CelestDynamics938,Mechanics,8046559,11293848
SkyLabs939,Mechanics,4683684,7186903
NovaDrive940,Propulsion,14006751,4568035
OrbitalTech941,Avionics,19144846,14686762
StratoLift942,Controls,4657670,16830871
QuantumFlow943,Controls,9421328,1032999
HyperEdge944,Avionics,10228583,18034010
IonCraft945,Mechanics,9328515,13906462
StellarCore946,Controls,2051802,9036452
ExoLink947,Avionics,4800069,8422102
AeroWorks948,Materials,10332854,7192324
AstroSystems949,Avionics,6179966,6504020
CelestDynamics950,Propulsion,13777425,19161809
SkyLabs951,Materials,9173588,4265460
NovaDrive952,Mechanics,11789227,8604936
OrbitalTech953,Acoustics,11412989,9170106
StratoLift954,Propulsion,6043673,19443016
QuantumFlow955,Materials,18422431,1626475
HyperEdge956,Propulsion,17805239,2275444
IonCraft957,Controls,18850121,3500100
StellarCore958,Avionics,8919838,15972516
ExoLink959,Mechanics,15737335,10664652
AeroWorks960,Avionics,14942031,15031743
AstroSystems961,Acoustics,5182577,19227387
CelestDynamics962,Avionics,19591828,3966069
SkyLabs963,Propulsion,15128877,17543339
NovaDrive964,Avionics,9005887,17690596
OrbitalTech965,Materials,10090797,15610828
StratoLift966,Propulsion,13119129,15031792
QuantumFlow967,Mechanics,18983943,10374764
HyperEdge968,Mechanics,10622634,19373692
IonCraft969,Materials,19618648,15168437
StellarCore970,Acoustics,10395265,17869407
ExoLink971,Avionics,12659136,4073105
AeroWorks972,Controls,9315563,16114605
AstroSystems973,Propulsion,14545333,1222583
CelestDynamics974,Materials,12757741,7317604
SkyLabs975,Controls,9452786,16321315
NovaDrive976,Avionics,13428333,3109843
OrbitalTech977,Avionics,5377997,17207182
StratoLift978,Controls,2273492,11237400
QuantumFlow979,Propulsion,18766002,11809371
HyperEdge980,Mechanics,19740217,12958763
IonCraft981,Acoustics,5757740,16122690
StellarCore982,Propulsion,16308088,9992461
ExoLink983,Controls,7253062,16465290
AeroWorks984,Controls,10090290,1876973
AstroSystems985,Avionics,18304481,15675826
CelestDynamics986,Propulsion,12796948,8213028
SkyLabs987,Propulsion,12882738,15809816
NovaDrive988,Avionics,5918084,11813651
OrbitalTech989,Acoustics,1013051,13344436
StratoLift990,Materials,16979708,5784633
QuantumFlow991,Avionics,4007640,13862213
HyperEdge992,Avionics,15814656,16615402
IonCraft993,Controls,4585212,17834515
StellarCore994,Mechanics,8302952,8273758
ExoLink995,Controls,8489632,12205348
AeroWorks996,Avionics,3728441,13120741
AstroSystems997,Propulsion,18975063,2569271
CelestDynamics998,Materials,16423450,13262307
SkyLabs999,Materials,17585614,13369819
PolarVortex,Controls,5084835,17741716